6.091359579999999596e+02,1.095672994852066040e-01
6.091359579999999596e+02,-1.741839051246643066e-01
6.092359890000000178e+02,1.264238059520721436e-01
6.092359890000000178e+02,-1.460897326469421387e-01
6.093359719999999697e+02,6.742602586746215820e-02
6.093359719999999697e+02,-2.809417843818664551e-01
6.094359620000000177e+02,-6.742602586746215820e-02
6.094359620000000177e+02,-1.404708921909332275e-01
6.095360150000000203e+02,7.866369932889938354e-02
6.095360150000000203e+02,-3.315113186836242676e-01
6.096359019999999873e+02,1.854215860366821289e-01
6.096359019999999873e+02,2.809417992830276489e-02
6.097359319999999343e+02,-1.348520517349243164e-01
6.097359319999999343e+02,-3.820808231830596924e-01
6.098359399999999368e+02,-1.910404115915298462e-01
6.098359399999999368e+02,0.000000000000000000e+00
6.099359650000000101e+02,-3.539866507053375244e-01
6.099359650000000101e+02,-1.910404115915298462e-01
6.100359439999999722e+02,1.798027455806732178e-01
6.100359439999999722e+02,-1.404708921909332275e-01
6.101360039999999572e+02,-2.247534319758415222e-02
6.101360039999999572e+02,1.404708996415138245e-02
6.102359369999999217e+02,-3.483678102493286133e-01
6.102359369999999217e+02,-1.011390462517738342e-01
6.103359560000000101e+02,1.123767159879207611e-02
6.103359560000000101e+02,-2.472287714481353760e-01
6.104359099999999216e+02,4.495068639516830444e-02
6.104359099999999216e+02,3.006077110767364502e-01
6.105359290000000101e+02,-3.708431720733642578e-01
6.105359290000000101e+02,1.292332261800765991e-01
6.106359400000000051e+02,-3.652243316173553467e-01
6.106359400000000051e+02,-1.123767197132110596e-01
6.107359269999999469e+02,-4.944575428962707520e-01
6.107359269999999469e+02,-5.618835799396038055e-03
6.108359689999999773e+02,9.271079301834106445e-02
6.108359689999999773e+02,-1.741839051246643066e-01
6.109359180000000151e+02,-5.056952312588691711e-02
6.109359180000000151e+02,-2.753229439258575439e-01
6.110359869999999773e+02,-3.202736377716064453e-01
6.110359869999999773e+02,-1.573273986577987671e-01
6.111359219999999368e+02,-2.078969180583953857e-01
6.111359219999999368e+02,-1.404708921909332275e-01
6.112359890000000178e+02,-3.483678102493286133e-01
6.112359890000000178e+02,-1.123767159879207611e-02
6.113359550000000127e+02,-5.450270771980285645e-01
6.113359550000000127e+02,0.000000000000000000e+00
6.114359259999999949e+02,6.742602586746215820e-02
6.114359259999999949e+02,-1.460897326469421387e-01
6.115359459999999672e+02,-1.798027455806732178e-01
6.115359459999999672e+02,-2.753229439258575439e-01
6.116359569999999621e+02,-4.495068639516830444e-02
6.116359569999999621e+02,-1.854215860366821289e-01
6.117359199999999646e+02,-2.977983057498931885e-01
6.117359199999999646e+02,-6.742602586746215820e-02
6.118359510000000228e+02,3.820808231830596924e-01
6.118359510000000228e+02,1.404708996415138245e-02
6.119359749999999849e+02,-1.685650646686553955e-02
6.119359749999999849e+02,1.488991528749465942e-01
6.120359389999999848e+02,-1.292332261800765991e-01
6.120359389999999848e+02,1.573273986577987671e-01
6.121359360000000152e+02,-1.404708921909332275e-01
6.121359360000000152e+02,-2.640852928161621094e-01
6.122359269999999469e+02,-5.056952312588691711e-02
6.122359269999999469e+02,-2.865606248378753662e-01
6.123359729999999672e+02,-3.596054911613464355e-01
6.123359729999999672e+02,-1.292332261800765991e-01
6.124359610000000202e+02,1.123767159879207611e-02
6.124359610000000202e+02,-1.854215860366821289e-01
6.125359479999999621e+02,6.742602586746215820e-02
6.125359479999999621e+02,-1.348520517349243164e-01
6.126359340000000202e+02,-1.348520517349243164e-01
6.126359340000000202e+02,-1.067578792572021484e-01
6.127359719999999470e+02,-2.303722649812698364e-01
6.127359719999999470e+02,-2.078969180583953857e-01
6.128359679999999798e+02,2.416099458932876587e-01
6.128359679999999798e+02,-2.247534319758415222e-02
6.129359329999999773e+02,3.090359568595886230e-01
6.129359329999999773e+02,-1.236143857240676880e-01
6.130359569999999394e+02,-2.303722649812698364e-01
6.130359569999999394e+02,-2.359911054372787476e-01
6.131359449999999924e+02,-1.348520517349243164e-01
6.131359449999999924e+02,-1.573273986577987671e-01
6.132359579999999823e+02,-3.539866507053375244e-01
6.132359579999999823e+02,-5.618835985660552979e-02
6.133359570000000076e+02,-2.359911054372787476e-01
6.133359570000000076e+02,-1.292332261800765991e-01
6.134359419999999545e+02,-1.854215860366821289e-01
6.134359419999999545e+02,-2.078969180583953857e-01
6.135359670000000278e+02,-4.101750254631042480e-01
6.135359670000000278e+02,4.776010289788246155e-02
6.136358920000000126e+02,-7.304486632347106934e-02
6.136358920000000126e+02,-1.460897326469421387e-01
6.137359050000000025e+02,-1.685650646686553955e-02
6.137359050000000025e+02,1.966592483222484589e-02
6.138358919999999443e+02,2.472287714481353760e-01
6.138358919999999443e+02,-8.990137279033660889e-02
6.139359789999999748e+02,4.214126989245414734e-02
6.139359789999999748e+02,2.528476119041442871e-01
6.140359399999999823e+02,-1.798027455806732178e-01
6.140359399999999823e+02,5.618835799396038055e-03
6.141359699999999293e+02,1.236143857240676880e-01
6.141359699999999293e+02,-2.753229439258575439e-01
6.142359400000000278e+02,-1.292332261800765991e-01
6.142359400000000278e+02,-2.303722649812698364e-01
6.143359719999999697e+02,3.652243316173553467e-02
6.143359719999999697e+02,-1.741839051246643066e-01
6.144359049999999343e+02,-5.618835985660552979e-02
6.144359049999999343e+02,-1.292332261800765991e-01
6.145359599999999318e+02,4.776010289788246155e-02
6.145359599999999318e+02,0.000000000000000000e+00
6.146359469999999874e+02,-4.270315170288085938e-01
6.146359469999999874e+02,-1.854215860366821289e-01
6.147358829999999443e+02,-7.304486632347106934e-02
6.147358829999999443e+02,-2.022780925035476685e-01
6.148359120000000075e+02,-3.371301591396331787e-01
6.148359120000000075e+02,-1.741839051246643066e-01
6.149359309999999823e+02,-5.618835985660552979e-02
6.149359309999999823e+02,-1.685650795698165894e-01
6.150359429999999747e+02,-3.371301293373107910e-02
6.150359429999999747e+02,-1.292332261800765991e-01
6.151359410000000025e+02,-4.832198917865753174e-01
6.151359410000000025e+02,-2.191345989704132080e-01
6.152359259999999495e+02,-1.573273986577987671e-01
6.152359259999999495e+02,1.151861324906349182e-01
6.153359379999999419e+02,-4.438880383968353271e-01
6.153359379999999419e+02,-2.865606248378753662e-01
6.154359620000000177e+02,8.709195256233215332e-02
6.154359620000000177e+02,-1.741839051246643066e-01
6.155359599999999318e+02,1.123767197132110596e-01
6.155359599999999318e+02,-7.866369932889938354e-02
6.156359199999999419e+02,2.725135385990142822e-01
6.156359199999999419e+02,-3.820808231830596924e-01
6.157359729999999445e+02,1.685650646686553955e-02
6.157359729999999445e+02,1.011390462517738342e-01
6.158359349999999495e+02,1.376614719629287720e-01
6.158359349999999495e+02,-3.034171462059020996e-01
6.159359769999999799e+02,-1.123767197132110596e-01
6.159359769999999799e+02,-1.517085731029510498e-01
6.160359629999999243e+02,-2.416099458932876587e-01
6.160359629999999243e+02,-1.236143857240676880e-01
6.161359509999999773e+02,-4.551256895065307617e-01
6.161359509999999773e+02,-5.618835985660552979e-02
6.162359420000000227e+02,7.585428655147552490e-02
6.162359420000000227e+02,-2.528476119041442871e-01
6.163359379999999419e+02,3.090359643101692200e-02
6.163359379999999419e+02,-2.472287714481353760e-01
6.164359319999999798e+02,-2.809417992830276489e-02
6.164359319999999798e+02,2.444193512201309204e-01
6.165359230000000252e+02,-1.404708921909332275e-01
6.165359230000000252e+02,-2.921794652938842773e-01
6.166359569999999621e+02,1.151861324906349182e-01
6.166359569999999621e+02,-2.247534394264221191e-01
6.167359239999999545e+02,-2.528476119041442871e-01
6.167359239999999545e+02,-2.247534394264221191e-01
6.168359530000000177e+02,-5.056952312588691711e-02
6.168359530000000177e+02,-1.910404115915298462e-01
6.169359509999999318e+02,-1.179955527186393738e-01
6.169359509999999318e+02,-3.933185040950775146e-01
6.170359459999999672e+02,-2.022780925035476685e-01
6.170359459999999672e+02,-1.123767197132110596e-01
6.171359119999999621e+02,-1.854215860366821289e-01
6.171359119999999621e+02,-3.427489697933197021e-01
6.172359109999999873e+02,8.709195256233215332e-02
6.172359109999999873e+02,-3.764620125293731689e-01
6.173359399999999368e+02,2.809417992830276489e-02
6.173359399999999368e+02,-4.270315170288085938e-01
6.174359210000000076e+02,-1.629462391138076782e-01
6.174359210000000076e+02,-5.618835985660552979e-02
6.175359770000000026e+02,-1.179955527186393738e-01
6.175359770000000026e+02,-1.741839051246643066e-01
6.176359400000000051e+02,-3.146547973155975342e-01
6.176359400000000051e+02,-2.359911054372787476e-01
6.177359119999999848e+02,1.348520517349243164e-01
6.177359119999999848e+02,-1.741839051246643066e-01
6.178359299999999621e+02,-1.517085731029510498e-01
6.178359299999999621e+02,-1.067578792572021484e-01
6.179359369999999672e+02,0.000000000000000000e+00
6.179359369999999672e+02,-2.528476119041442871e-01
6.180359459999999672e+02,4.607445299625396729e-01
6.180359459999999672e+02,-2.247534394264221191e-01
6.181359269999999242e+02,-2.191345989704132080e-01
6.181359269999999242e+02,-3.596054911613464355e-01
6.182359500000000025e+02,-1.123767197132110596e-01
6.182359500000000025e+02,-1.460897326469421387e-01
6.183359159999999974e+02,-4.495068788528442383e-01
6.183359159999999974e+02,-1.629462391138076782e-01
6.184359819999999672e+02,1.179955527186393738e-01
6.184359819999999672e+02,-1.854215860366821289e-01
6.185359069999999519e+02,-2.977983057498931885e-01
6.185359069999999519e+02,-5.450270771980285645e-01
6.186359360000000152e+02,-1.966592520475387573e-01
6.186359360000000152e+02,-4.045561850070953369e-01
6.187359569999999849e+02,-3.090359568595886230e-01
6.187359569999999849e+02,-1.011390462517738342e-01
6.188359520000000202e+02,-2.584664523601531982e-01
6.188359520000000202e+02,-6.180719286203384399e-02
6.189359489999999369e+02,-2.697041034698486328e-01
6.189359489999999369e+02,-5.618835985660552979e-02
6.190359379999999874e+02,-7.304486632347106934e-02
6.190359379999999874e+02,-3.258924782276153564e-01
6.191359109999999646e+02,1.741839051246643066e-01
6.191359109999999646e+02,-4.214126765727996826e-01
6.192359379999999192e+02,-8.990137279033660889e-02
6.192359379999999192e+02,-2.078969180583953857e-01
6.193359749999999622e+02,-2.977983057498931885e-01
6.193359749999999622e+02,1.151861324906349182e-01
6.194359459999999444e+02,-3.708431720733642578e-01
6.194359459999999444e+02,-3.315113186836242676e-01
6.195359959999999546e+02,-2.359911054372787476e-01
6.195359959999999546e+02,-7.866369932889938354e-02
6.196359310000000278e+02,-3.371301293373107910e-02
6.196359310000000278e+02,-3.933185040950775146e-01
6.197358980000000201e+02,2.809417992830276489e-02
6.197358980000000201e+02,-1.404708921909332275e-01
6.198359699999999748e+02,3.596054911613464355e-01
6.198359699999999748e+02,-1.011390462517738342e-01
6.199359449999999470e+02,3.146547973155975342e-01
6.199359449999999470e+02,-1.741839051246643066e-01
6.200359529999999495e+02,1.545179784297943115e-01
6.200359529999999495e+02,-2.865606248378753662e-01
6.201359390000000076e+02,-3.371301293373107910e-02
6.201359390000000076e+02,1.966592483222484589e-02
6.202360439999999926e+02,-2.977983057498931885e-01
6.202360439999999926e+02,-3.034171462059020996e-01
6.203359729999999672e+02,1.039484590291976929e-01
6.203359729999999672e+02,-1.123767197132110596e-01
6.204359580000000278e+02,-6.742602586746215820e-02
6.204359580000000278e+02,-1.854215860366821289e-01
6.205359529999999495e+02,6.742602586746215820e-02
6.205359529999999495e+02,-5.618835985660552979e-02
6.206359189999999444e+02,-8.428253978490829468e-02
6.206359189999999444e+02,-1.404708921909332275e-01
6.207359229999999570e+02,-7.529240250587463379e-01
6.207359229999999570e+02,-2.528476119041442871e-01
6.208360020000000077e+02,-3.933184966444969177e-02
6.208360020000000077e+02,1.488991528749465942e-01
6.209359590000000253e+02,-3.989373445510864258e-01
6.209359590000000253e+02,-2.359911054372787476e-01
6.210359949999999571e+02,3.174642324447631836e-01
6.210359949999999571e+02,-3.427489697933197021e-01
6.211360069999999496e+02,2.697041034698486328e-01
6.211360069999999496e+02,-1.123767159879207611e-02
6.212359999999999900e+02,-3.371301293373107910e-02
6.212359999999999900e+02,-2.247534394264221191e-01
6.213359689999999773e+02,3.876996636390686035e-01
6.213359689999999773e+02,-7.304486632347106934e-02
6.214359670000000051e+02,2.163251787424087524e-01
6.214359670000000051e+02,-1.460897326469421387e-01
6.215359929999999622e+02,6.461661309003829956e-02
6.215359929999999622e+02,-1.854215860366821289e-01
6.216359749999999167e+02,4.888387024402618408e-01
6.216359749999999167e+02,-2.584664523601531982e-01
6.217359639999999672e+02,1.994686722755432129e-01
6.217359639999999672e+02,-2.584664523601531982e-01
6.218360050000000001e+02,4.129844307899475098e-01
6.218360050000000001e+02,-2.303722649812698364e-01
6.219359899999999470e+02,4.888387024402618408e-01
6.219359899999999470e+02,5.618835799396038055e-03
6.220359869999999773e+02,3.006077110767364502e-01
6.220359869999999773e+02,-1.629462391138076782e-01
6.221359189999999444e+02,2.668946981430053711e-01
6.221359189999999444e+02,-2.022780925035476685e-01
6.222359619999999722e+02,4.551256895065307617e-01
6.222359619999999722e+02,-1.460897326469421387e-01
6.223359649999999874e+02,3.174642324447631836e-01
6.223359649999999874e+02,1.095672994852066040e-01
6.224359769999999799e+02,2.500382065773010254e-01
6.224359769999999799e+02,-9.552020579576492310e-02
6.225359670000000278e+02,6.236907839775085449e-01
6.225359670000000278e+02,-1.685650795698165894e-01
6.226359449999999924e+02,6.152625083923339844e-01
6.226359449999999924e+02,-7.304486632347106934e-02
6.227359969999999976e+02,7.276392579078674316e-01
6.227359969999999976e+02,7.585428655147552490e-02
6.228359540000000152e+02,5.871683359146118164e-01
6.228359540000000152e+02,1.292332261800765991e-01
6.229360189999999875e+02,7.164015769958496094e-01
6.229360189999999875e+02,3.371301293373107910e-02
6.230359559999999419e+02,9.214890599250793457e-01
6.230359559999999419e+02,-5.618835799396038055e-03
6.231359439999999950e+02,7.248297929763793945e-01
6.231359439999999950e+02,1.573273986577987671e-01
6.232359799999999268e+02,8.877760767936706543e-01
6.232359799999999268e+02,2.247534319758415222e-02
6.233359530000000177e+02,9.467738270759582520e-01
6.233359530000000177e+02,1.095672994852066040e-01
6.234359379999999646e+02,9.102513790130615234e-01
6.234359379999999646e+02,-2.191345989704132080e-01
6.235359690000000228e+02,1.140623688697814941e+00
6.235359690000000228e+02,3.258924782276153564e-01
6.236359649999999419e+02,1.199621438980102539e+00
6.236359649999999419e+02,8.428253233432769775e-03
6.237359599999999773e+02,1.300760507583618164e+00
6.237359599999999773e+02,3.596054911613464355e-01
6.238360119999999824e+02,1.241762757301330566e+00
6.238360119999999824e+02,-1.123767197132110596e-01
6.239359580000000278e+02,1.112529516220092773e+00
6.239359580000000278e+02,3.202736377716064453e-01
6.240359710000000177e+02,1.171527266502380371e+00
6.240359710000000177e+02,2.107063382863998413e-01
6.241359619999999495e+02,1.795217990875244141e+00
6.241359619999999495e+02,4.354597628116607666e-01
6.242359579999999823e+02,1.598558783531188965e+00
6.242359579999999823e+02,4.551256895065307617e-01
6.243359669999999824e+02,1.385043025016784668e+00
6.243359669999999824e+02,3.343207240104675293e-01
6.244359519999999293e+02,1.247381567955017090e+00
6.244359519999999293e+02,2.388005256652832031e-01
6.245359509999999545e+02,1.708126068115234375e+00
6.245359509999999545e+02,2.640852928161621094e-01
6.246359629999999470e+02,1.767123818397521973e+00
6.246359629999999470e+02,5.394082069396972656e-01
6.247359819999999218e+02,1.477753758430480957e+00
6.247359819999999218e+02,6.742603182792663574e-01
6.248359980000000178e+02,1.809265136718750000e+00
6.248359980000000178e+02,5.422176718711853027e-01
6.249359829999999647e+02,1.351330041885375977e+00
6.249359829999999647e+02,5.646929740905761719e-01
6.250359489999999596e+02,1.741839051246643066e+00
6.250359489999999596e+02,2.949888706207275391e-01
6.251359599999999546e+02,1.528323292732238770e+00
6.251359599999999546e+02,3.483678102493286133e-01
6.252359679999999571e+02,1.671603679656982422e+00
6.252359679999999571e+02,7.416863441467285156e-01
6.253359980000000178e+02,1.758695602416992188e+00
6.253359980000000178e+02,8.175405859947204590e-01
6.254359630000000152e+02,1.741839051246643066e+00
6.254359630000000152e+02,6.405472755432128906e-01
6.255359449999999697e+02,2.048065662384033203e+00
6.255359449999999697e+02,8.905854821205139160e-01
6.256359879999999976e+02,1.716554284095764160e+00
6.256359879999999976e+02,7.079733014106750488e-01
6.257359410000000253e+02,1.767123818397521973e+00
6.257359410000000253e+02,7.416863441467285156e-01
6.258359819999999445e+02,1.868262887001037598e+00
6.258359819999999445e+02,5.703118443489074707e-01
6.259359489999999369e+02,1.525513887405395508e+00
6.259359489999999369e+02,6.602132320404052734e-01
6.260359559999999419e+02,1.944117188453674316e+00
6.260359559999999419e+02,7.810181975364685059e-01
6.261359649999999419e+02,1.890738248825073242e+00
6.261359649999999419e+02,9.242984652519226074e-01
6.262359589999999798e+02,2.171679973602294922e+00
6.262359589999999798e+02,4.888387024402618408e-01
6.263359449999999242e+02,1.868262887001037598e+00
6.263359449999999242e+02,8.849666118621826172e-01
6.264359499999999343e+02,1.918832421302795410e+00
6.264359499999999343e+02,8.512536287307739258e-01
6.265359479999999621e+02,1.873881697654724121e+00
6.265359479999999621e+02,9.523926973342895508e-01
6.266359509999999773e+02,1.859834671020507812e+00
6.266359509999999773e+02,8.147311806678771973e-01
6.267359569999999849e+02,1.694079041481018066e+00
6.267359569999999849e+02,7.416863441467285156e-01
6.268359990000000153e+02,1.781170964241027832e+00
6.268359990000000153e+02,7.416863441467285156e-01
6.269360070000000178e+02,1.500229120254516602e+00
6.269360070000000178e+02,1.095672965049743652e+00
6.270359670000000278e+02,1.609796404838562012e+00
6.270359670000000278e+02,9.608209133148193359e-01
6.271359790000000203e+02,2.163251876831054688e+00
6.271359790000000203e+02,1.129385948181152344e+00
6.272359289999999419e+02,1.500229120254516602e+00
6.272359289999999419e+02,6.939262151718139648e-01
6.273359369999999444e+02,1.764314413070678711e+00
6.273359369999999444e+02,1.196812033653259277e+00
6.274360070000000178e+02,2.143585920333862305e+00
6.274360070000000178e+02,1.238953351974487305e+00
6.275359539999999470e+02,2.034018516540527344e+00
6.275359539999999470e+02,1.320426464080810547e+00
6.276359719999999243e+02,1.817693352699279785e+00
6.276359719999999243e+02,1.177146077156066895e+00
6.277359549999999899e+02,1.930070042610168457e+00
6.277359549999999899e+02,1.230525016784667969e+00
6.278359729999999672e+02,2.090206861495971680e+00
6.278359729999999672e+02,1.216477990150451660e+00
6.279359630000000152e+02,2.194155454635620117e+00
6.279359630000000152e+02,1.413137197494506836e+00
6.280359859999999799e+02,2.126729249954223633e+00
6.280359859999999799e+02,1.407518386840820312e+00
6.281359499999999798e+02,1.792408585548400879e+00
6.281359499999999798e+02,1.143433094024658203e+00
6.282359979999999950e+02,2.031209230422973633e+00
6.282359979999999950e+02,1.278285145759582520e+00
6.283360000000000127e+02,1.944117188453674316e+00
6.283360000000000127e+02,1.120957732200622559e+00
6.284359549999999217e+02,1.854215860366821289e+00
6.284359549999999217e+02,1.210859060287475586e+00
6.285359809999999925e+02,2.014352560043334961e+00
6.285359809999999925e+02,1.163099050521850586e+00
6.286359549999999672e+02,1.708126068115234375e+00
6.286359549999999672e+02,1.455278515815734863e+00
6.287359629999999697e+02,2.123919963836669922e+00
6.287359629999999697e+02,1.488991498947143555e+00
6.288359950000000254e+02,2.115491628646850586e+00
6.288359950000000254e+02,1.660365939140319824e+00
6.289359429999999520e+02,2.048065662384033203e+00
6.289359429999999520e+02,1.556417465209960938e+00
6.290359839999999849e+02,1.963783144950866699e+00
6.290359839999999849e+02,1.387852430343627930e+00
6.291359429999999975e+02,2.312150955200195312e+00
6.291359429999999975e+02,1.795217990875244141e+00
6.292359960000000001e+02,1.758695602416992188e+00
6.292359960000000001e+02,1.556417465209960938e+00
6.293359369999999444e+02,1.969401955604553223e+00
6.293359369999999444e+02,1.320426464080810547e+00
6.294359949999999344e+02,2.140776395797729492e+00
6.294359949999999344e+02,1.708126068115234375e+00
6.295359379999999874e+02,2.140776395797729492e+00
6.295359379999999874e+02,1.373805403709411621e+00
6.296359340000000202e+02,1.817693352699279785e+00
6.296359340000000202e+02,1.741839051246643066e+00
6.297359769999999344e+02,1.604177594184875488e+00
6.297359769999999344e+02,1.570464611053466797e+00
6.298359849999999369e+02,2.022780895233154297e+00
6.298359849999999369e+02,1.556417465209960938e+00
6.299359620000000177e+02,2.635233879089355469e+00
6.299359620000000177e+02,1.446850180625915527e+00
6.300360019999999395e+02,2.396433353424072266e+00
6.300360019999999395e+02,1.775552153587341309e+00
6.301359840000000077e+02,1.800836920738220215e+00
6.301359840000000077e+02,1.882310032844543457e+00
6.302359789999999293e+02,1.705316662788391113e+00
6.302359789999999293e+02,1.727792024612426758e+00
6.303360030000000052e+02,2.640852928161621094e+00
6.303360030000000052e+02,1.517085671424865723e+00
6.304359469999999419e+02,1.899166464805603027e+00
6.304359469999999419e+02,1.469325542449951172e+00
6.305359899999999698e+02,2.205393075942993164e+00
6.305359899999999698e+02,1.755886197090148926e+00
6.306359079999999722e+02,2.208202362060546875e+00
6.306359079999999722e+02,1.688460111618041992e+00
6.307359349999999267e+02,1.994686722755432129e+00
6.307359349999999267e+02,1.854215860366821289e+00
6.308359560000000101e+02,2.152014017105102539e+00
6.308359560000000101e+02,1.896357059478759766e+00
6.309359409999999571e+02,2.154823541641235352e+00
6.309359409999999571e+02,1.930070042610168457e+00
6.310360309999999799e+02,2.132348299026489258e+00
6.310360309999999799e+02,1.775552153587341309e+00
6.311359569999999621e+02,2.382386445999145508e+00
6.311359569999999621e+02,2.000305652618408203e+00
6.312359539999999924e+02,2.595902204513549805e+00
6.312359539999999924e+02,1.781170964241027832e+00
6.313359259999999722e+02,2.247534275054931641e+00
6.313359259999999722e+02,1.651937723159790039e+00
6.314359449999999470e+02,2.188536643981933594e+00
6.314359449999999470e+02,1.694079041481018066e+00
6.315359089999999469e+02,2.298103809356689453e+00
6.315359089999999469e+02,1.868262887001037598e+00
6.316359149999999545e+02,2.213821411132812500e+00
6.316359149999999545e+02,1.781170964241027832e+00
6.317359579999999823e+02,2.278437852859497070e+00
6.317359579999999823e+02,1.834549903869628906e+00
6.318359570000000076e+02,2.126729249954223633e+00
6.318359570000000076e+02,1.817693352699279785e+00
6.319360359999999446e+02,2.407671213150024414e+00
6.319360359999999446e+02,1.890738248825073242e+00
6.320359629999999243e+02,1.887928843498229980e+00
6.320359629999999243e+02,1.699697852134704590e+00
6.321359370000000126e+02,2.312150955200195312e+00
6.321359370000000126e+02,1.958164334297180176e+00
6.322359609999999748e+02,1.972211360931396484e+00
6.322359609999999748e+02,1.795217990875244141e+00
6.323359530000000177e+02,1.921641826629638672e+00
6.323359530000000177e+02,1.997496128082275391e+00
6.324359379999999646e+02,2.388005256652832031e+00
6.324359379999999646e+02,1.904785394668579102e+00
6.325359349999999949e+02,2.253153085708618164e+00
6.325359349999999949e+02,1.862644076347351074e+00
6.326359669999999369e+02,2.202583551406860352e+00
6.326359669999999369e+02,1.958164334297180176e+00
6.327359739999999420e+02,2.202583551406860352e+00
6.327359739999999420e+02,2.196964740753173828e+00
6.328360149999999749e+02,2.160442352294921875e+00
6.328360149999999749e+02,1.910404205322265625e+00
6.329359549999999217e+02,1.955354809761047363e+00
6.329359549999999217e+02,1.980639576911926270e+00
6.330359999999999445e+02,1.724982619285583496e+00
6.330359999999999445e+02,1.938498377799987793e+00
6.331359479999999849e+02,2.014352560043334961e+00
6.331359479999999849e+02,2.011543273925781250e+00
6.332359759999999369e+02,1.750267386436462402e+00
6.332359759999999369e+02,2.121110439300537109e+00
6.333359590000000026e+02,1.871072292327880859e+00
6.333359590000000026e+02,1.896357059478759766e+00
6.334359699999999975e+02,1.783980369567871094e+00
6.334359699999999975e+02,2.025590419769287109e+00
6.335359549999999444e+02,1.733410835266113281e+00
6.335359549999999444e+02,2.129538774490356445e+00
6.336359760000000279e+02,1.696888446807861328e+00
6.336359760000000279e+02,1.896357059478759766e+00
6.337359819999999218e+02,1.545179843902587891e+00
6.337359819999999218e+02,1.747457981109619141e+00
6.338359729999999672e+02,1.767123818397521973e+00
6.338359729999999672e+02,2.039637327194213867e+00
6.339360169999999925e+02,1.733410835266113281e+00
6.339360169999999925e+02,1.828931093215942383e+00
6.340359489999999596e+02,1.910404205322265625e+00
6.340359489999999596e+02,1.977830171585083008e+00
6.341359909999999900e+02,1.963783144950866699e+00
6.341359909999999900e+02,2.073350429534912109e+00
6.342359900000000152e+02,1.604177594184875488e+00
6.342359900000000152e+02,2.135157585144042969e+00
6.343359649999999874e+02,2.452621936798095703e+00
6.343359649999999874e+02,2.168870687484741211e+00
6.344359590000000253e+02,1.868262887001037598e+00
6.344359590000000253e+02,2.182917594909667969e+00
6.345359720000000152e+02,1.944117188453674316e+00
6.345359720000000152e+02,2.168870687484741211e+00
6.346359840000000077e+02,1.823312163352966309e+00
6.346359840000000077e+02,2.365529775619506836e+00
6.347359689999999546e+02,1.570464611053466797e+00
6.347359689999999546e+02,1.820502758026123047e+00
6.348359980000000178e+02,2.140776395797729492e+00
6.348359980000000178e+02,2.135157585144042969e+00
6.349360019999999167e+02,1.935688972473144531e+00
6.349360019999999167e+02,2.177298784255981445e+00
6.350359760000000051e+02,1.893547654151916504e+00
6.350359760000000051e+02,2.019971370697021484e+00
6.351359249999999292e+02,2.430146455764770508e+00
6.351359249999999292e+02,1.803646326065063477e+00
6.352359490000000051e+02,1.941307783126831055e+00
6.352359490000000051e+02,2.211011886596679688e+00
6.353359829999999420e+02,1.969401955604553223e+00
6.353359829999999420e+02,2.005924463272094727e+00
6.354359690000000001e+02,1.831740498542785645e+00
6.354359690000000001e+02,2.182917594909667969e+00
6.355359780000000001e+02,2.053684473037719727e+00
6.355359780000000001e+02,2.000305652618408203e+00
6.356359189999999444e+02,1.916023015975952148e+00
6.356359189999999444e+02,2.005924463272094727e+00
6.357359649999999647e+02,1.991877317428588867e+00
6.357359649999999647e+02,2.135157585144042969e+00
6.358359179999999924e+02,1.710935473442077637e+00
6.358359179999999924e+02,2.298103809356689453e+00
6.359359339999999747e+02,1.769933223724365234e+00
6.359359339999999747e+02,2.019971370697021484e+00
6.360359349999999949e+02,2.264390945434570312e+00
6.360359349999999949e+02,2.073350429534912109e+00
6.361359420000000000e+02,2.247534275054931641e+00
6.361359420000000000e+02,2.202583551406860352e+00
6.362359629999999697e+02,1.778361558914184570e+00
6.362359629999999697e+02,2.154823541641235352e+00
6.363359409999999343e+02,1.831740498542785645e+00
6.363359409999999343e+02,2.270009756088256836e+00
6.364359929999999395e+02,2.809417963027954102e+00
6.364359929999999395e+02,1.944117188453674316e+00
6.365359529999999495e+02,2.008733749389648438e+00
6.365359529999999495e+02,2.107063531875610352e+00
6.366359909999999900e+02,1.949735999107360840e+00
6.366359909999999900e+02,2.053684473037719727e+00
6.367359339999999293e+02,1.848596930503845215e+00
6.367359339999999293e+02,2.053684473037719727e+00
6.368359849999999369e+02,1.916023015975952148e+00
6.368359849999999369e+02,2.292484998703002930e+00
6.369359459999999444e+02,1.803646326065063477e+00
6.369359459999999444e+02,2.239106178283691406e+00
6.370359469999999646e+02,1.975020766258239746e+00
6.370359469999999646e+02,2.427337169647216797e+00
6.371359239999999318e+02,2.219440221786499023e+00
6.371359239999999318e+02,2.351482868194580078e+00
6.372359129999999823e+02,1.778361558914184570e+00
6.372359129999999823e+02,1.924451231956481934e+00
6.373360189999999648e+02,1.820502758026123047e+00
6.373360189999999648e+02,2.039637327194213867e+00
6.374359749999999849e+02,1.685650706291198730e+00
6.374359749999999849e+02,2.081778764724731445e+00
6.375359750000000076e+02,2.076159715652465820e+00
6.375359750000000076e+02,2.121110439300537109e+00
6.376359519999999748e+02,2.109872817993164062e+00
6.376359519999999748e+02,2.202583551406860352e+00
6.377359339999999293e+02,2.306532144546508789e+00
6.377359339999999293e+02,2.393624067306518555e+00
6.378359560000000101e+02,2.073350429534912109e+00
6.378359560000000101e+02,2.298103809356689453e+00
6.379359489999999369e+02,2.747610807418823242e+00
6.379359489999999369e+02,2.101444482803344727e+00
6.380359419999999773e+02,1.845787525177001953e+00
6.380359419999999773e+02,2.171679973602294922e+00
6.381359609999999520e+02,1.522704482078552246e+00
6.381359609999999520e+02,2.284056663513183594e+00
6.382359910000000127e+02,1.786789774894714355e+00
6.382359910000000127e+02,2.292484998703002930e+00
6.383359319999999570e+02,1.817693352699279785e+00
6.383359319999999570e+02,2.528475999832153320e+00
6.384359630000000152e+02,2.286866188049316406e+00
6.384359630000000152e+02,2.081778764724731445e+00
6.385359189999999217e+02,1.955354809761047363e+00
6.385359189999999217e+02,2.402052402496337891e+00
6.386359350000000177e+02,2.236296653747558594e+00
6.386359350000000177e+02,2.216630697250366211e+00
6.387359659999999622e+02,1.893547654151916504e+00
6.387359659999999622e+02,2.548141956329345703e+00
6.388359500000000253e+02,2.216630697250366211e+00
6.388359500000000253e+02,2.441384077072143555e+00
6.389359670000000051e+02,2.329007387161254883e+00
6.389359670000000051e+02,2.421718120574951172e+00
6.390359799999999950e+02,1.828931093215942383e+00
6.390359799999999950e+02,2.005924463272094727e+00
6.391359790000000203e+02,2.140776395797729492e+00
6.391359790000000203e+02,2.652090549468994141e+00
6.392359719999999470e+02,1.893547654151916504e+00
6.392359719999999470e+02,2.469478368759155273e+00
6.393359349999999495e+02,1.893547654151916504e+00
6.393359349999999495e+02,2.292484998703002930e+00
6.394359539999999242e+02,2.157632827758789062e+00
6.394359539999999242e+02,2.435765266418457031e+00
6.395359559999999419e+02,2.166061162948608398e+00
6.395359559999999419e+02,2.250343799591064453e+00
6.396360240000000204e+02,2.371148824691772461e+00
6.396360240000000204e+02,2.421718120574951172e+00
6.397359519999999975e+02,2.123919963836669922e+00
6.397359519999999975e+02,2.421718120574951172e+00
6.398359689999999773e+02,2.489144325256347656e+00
6.398359689999999773e+02,2.340245008468627930e+00
6.399359459999999444e+02,2.064922094345092773e+00
6.399359459999999444e+02,2.317769765853881836e+00
6.400359859999999799e+02,1.646318912506103516e+00
6.400359859999999799e+02,2.140776395797729492e+00
6.401359489999999823e+02,2.371148824691772461e+00
6.401359489999999823e+02,2.250343799591064453e+00
6.402359699999999521e+02,1.910404205322265625e+00
6.402359699999999521e+02,2.402052402496337891e+00
6.403359490000000278e+02,2.028399705886840820e+00
6.403359490000000278e+02,2.407671213150024414e+00
6.404359699999999975e+02,1.918832421302795410e+00
6.404359699999999975e+02,2.278437852859497070e+00
6.405359369999999899e+02,1.781170964241027832e+00
6.405359369999999899e+02,2.216630697250366211e+00
6.406359279999999217e+02,2.019971370697021484e+00
6.406359279999999217e+02,2.250343799591064453e+00
6.407359549999999899e+02,2.121110439300537109e+00
6.407359549999999899e+02,2.351482868194580078e+00
6.408360119999999824e+02,1.924451231956481934e+00
6.408360119999999824e+02,2.373958110809326172e+00
6.409360169999999925e+02,1.789599180221557617e+00
6.409360169999999925e+02,2.298103809356689453e+00
6.410359209999999166e+02,1.848596930503845215e+00
6.410359209999999166e+02,2.331816911697387695e+00
6.411360159999999269e+02,2.267200231552124023e+00
6.411360159999999269e+02,2.531285524368286133e+00
6.412359470000000101e+02,2.326198101043701172e+00
6.412359470000000101e+02,2.413290023803710938e+00
6.413359859999999344e+02,1.983448982238769531e+00
6.413359859999999344e+02,2.517238378524780273e+00
6.414359539999999242e+02,1.991877317428588867e+00
6.414359539999999242e+02,2.407671213150024414e+00
6.415359700000000203e+02,1.941307783126831055e+00
6.415359700000000203e+02,2.326198101043701172e+00
6.416359049999999797e+02,1.550798654556274414e+00
6.416359049999999797e+02,2.236296653747558594e+00
6.417359440000000177e+02,1.702507257461547852e+00
6.417359440000000177e+02,2.379576921463012695e+00
6.418359739999999647e+02,2.154823541641235352e+00
6.418359739999999647e+02,2.542523145675659180e+00
6.419359539999999242e+02,2.292484998703002930e+00
6.419359539999999242e+02,2.435765266418457031e+00
6.420359879999999748e+02,1.601368188858032227e+00
6.420359879999999748e+02,2.528475999832153320e+00
6.421359729999999217e+02,2.230677843093872070e+00
6.421359729999999217e+02,2.441384077072143555e+00
6.422359549999999899e+02,2.121110439300537109e+00
6.422359549999999899e+02,2.343054533004760742e+00
6.423359389999999394e+02,2.121110439300537109e+00
6.423359389999999394e+02,2.284056663513183594e+00
6.424359259999999949e+02,1.975020766258239746e+00
6.424359259999999949e+02,2.461050033569335938e+00
6.425359349999999949e+02,1.991877317428588867e+00
6.425359349999999949e+02,2.359910964965820312e+00
6.426359390000000076e+02,2.247534275054931641e+00
6.426359390000000076e+02,2.528475999832153320e+00
6.427360370000000103e+02,2.017162084579467773e+00
6.427360370000000103e+02,2.413290023803710938e+00
6.428359929999999167e+02,1.963783144950866699e+00
6.428359929999999167e+02,2.407671213150024414e+00
6.429359939999999369e+02,2.171679973602294922e+00
6.429359939999999369e+02,2.671756505966186523e+00
6.430359559999999419e+02,2.034018516540527344e+00
6.430359559999999419e+02,2.576236248016357422e+00
6.431359870000000001e+02,2.247534275054931641e+00
6.431359870000000001e+02,2.449812412261962891e+00
6.432359599999999773e+02,2.034018516540527344e+00
6.432359599999999773e+02,2.379576921463012695e+00
6.433359520000000202e+02,2.118301153182983398e+00
6.433359520000000202e+02,2.576236248016357422e+00
6.434359549999999217e+02,2.281247377395629883e+00
6.434359549999999217e+02,2.612758636474609375e+00
6.435359389999999848e+02,2.289675474166870117e+00
6.435359389999999848e+02,2.691422462463378906e+00
6.436360159999999269e+02,1.983448982238769531e+00
6.436360159999999269e+02,2.632424592971801758e+00
6.437359440000000177e+02,2.135157585144042969e+00
6.437359440000000177e+02,2.528475999832153320e+00
6.438359659999999849e+02,2.177298784255981445e+00
6.438359659999999849e+02,2.503191232681274414e+00
6.439359680000000026e+02,1.887928843498229980e+00
6.439359680000000026e+02,2.677375316619873047e+00
6.440359320000000025e+02,1.640700101852416992e+00
6.440359320000000025e+02,2.590283393859863281e+00
6.441360179999999218e+02,2.331816911697387695e+00
6.441360179999999218e+02,2.528475999832153320e+00
6.442359440000000177e+02,2.466668844223022461e+00
6.442359440000000177e+02,2.657709360122680664e+00
6.443359510000000228e+02,1.828931093215942383e+00
6.443359510000000228e+02,2.719516515731811523e+00
6.444359339999999747e+02,2.261581420898437500e+00
6.444359339999999747e+02,2.671756505966186523e+00
6.445359949999999571e+02,2.101444482803344727e+00
6.445359949999999571e+02,2.733563661575317383e+00
6.446359689999999318e+02,1.665984869003295898e+00
6.446359689999999318e+02,2.494763135910034180e+00
6.447359609999999748e+02,2.005924463272094727e+00
6.447359609999999748e+02,2.590283393859863281e+00
6.448359919999999192e+02,2.365529775619506836e+00
6.448359919999999192e+02,2.562189102172851562e+00
6.449359979999999268e+02,2.362720489501953125e+00
6.449359979999999268e+02,2.503191232681274414e+00
6.450359809999999925e+02,2.295294523239135742e+00
6.450359809999999925e+02,2.503191232681274414e+00
6.451359699999999293e+02,2.107063531875610352e+00
6.451359699999999293e+02,2.385195732116699219e+00
6.452359619999999722e+02,2.168870687484741211e+00
6.452359619999999722e+02,2.536904335021972656e+00
6.453359699999999748e+02,2.261581420898437500e+00
6.453359699999999748e+02,2.576236248016357422e+00
6.454360179999999900e+02,2.685803413391113281e+00
6.454360179999999900e+02,2.775704860687255859e+00
6.455359680000000253e+02,2.261581420898437500e+00
6.455359680000000253e+02,2.489144325256347656e+00
6.456359870000000001e+02,1.997496128082275391e+00
6.456359870000000001e+02,2.556570291519165039e+00
6.457359539999999924e+02,2.067731618881225586e+00
6.457359539999999924e+02,2.775704860687255859e+00
6.458359679999999798e+02,1.803646326065063477e+00
6.458359679999999798e+02,2.666137695312500000e+00
6.459359549999999217e+02,2.253153085708618164e+00
6.459359549999999217e+02,2.576236248016357422e+00
6.460359799999999950e+02,2.424527645111083984e+00
6.460359799999999950e+02,2.719516515731811523e+00
6.461359499999999798e+02,2.432955980300903320e+00
6.461359499999999798e+02,2.767276525497436523e+00
6.462359759999999369e+02,1.901975870132446289e+00
6.462359759999999369e+02,2.705469369888305664e+00
6.463360000000000127e+02,2.227868318557739258e+00
6.463360000000000127e+02,2.564998626708984375e+00
6.464359210000000076e+02,2.174489498138427734e+00
6.464359210000000076e+02,2.536904335021972656e+00
6.465359789999999975e+02,2.882462739944458008e+00
6.465359789999999975e+02,2.646471738815307617e+00
6.466359249999999292e+02,2.576236248016357422e+00
6.466359249999999292e+02,2.508810281753540039e+00
6.467359500000000025e+02,2.447002887725830078e+00
6.467359500000000025e+02,2.623996257781982422e+00
6.468359960000000228e+02,1.663175344467163086e+00
6.468359960000000228e+02,3.065074920654296875e+00
6.469359569999999167e+02,2.199774265289306641e+00
6.469359569999999167e+02,2.407671213150024414e+00
6.470359499999999571e+02,2.388005256652832031e+00
6.470359499999999571e+02,2.781323671340942383e+00
6.471359749999999167e+02,2.216630697250366211e+00
6.471359749999999167e+02,2.761657714843750000e+00
6.472359989999999925e+02,1.739029645919799805e+00
6.472359989999999925e+02,2.503191232681274414e+00
6.473359639999999899e+02,1.444040775299072266e+00
6.473359639999999899e+02,2.739182472229003906e+00
6.474359729999999900e+02,2.129538774490356445e+00
6.474359729999999900e+02,2.705469369888305664e+00
6.475359539999999470e+02,2.157632827758789062e+00
6.475359539999999470e+02,3.093169212341308594e+00
6.476359380000000101e+02,2.275628566741943359e+00
6.476359380000000101e+02,2.638043403625488281e+00
6.477359679999999571e+02,1.876691102981567383e+00
6.477359679999999571e+02,2.848749637603759766e+00
6.478360059999999976e+02,1.806455731391906738e+00
6.478360059999999976e+02,2.727944850921630859e+00
6.479359879999999521e+02,1.415946602821350098e+00
6.479359879999999521e+02,2.632424592971801758e+00
6.480359059999999545e+02,2.081778764724731445e+00
6.480359059999999545e+02,2.562189102172851562e+00
6.481359649999999419e+02,2.199774265289306641e+00
6.481359649999999419e+02,2.767276525497436523e+00
6.482359599999999773e+02,2.376767635345458984e+00
6.482359599999999773e+02,2.598711490631103516e+00
6.483360040000000026e+02,1.705316662788391113e+00
6.483360040000000026e+02,2.809417963027954102e+00
6.484359439999999495e+02,1.387852430343627930e+00
6.484359439999999495e+02,2.699850559234619141e+00
6.485359770000000026e+02,2.402052402496337891e+00
6.485359770000000026e+02,2.885272264480590820e+00
6.486359539999999697e+02,2.213821411132812500e+00
6.486359539999999697e+02,2.508810281753540039e+00
6.487359289999999419e+02,2.017162084579467773e+00
6.487359289999999419e+02,2.503191232681274414e+00
6.488359319999999570e+02,1.865453481674194336e+00
6.488359319999999570e+02,2.739182472229003906e+00
6.489359379999999646e+02,1.941307783126831055e+00
6.489359379999999646e+02,2.576236248016357422e+00
6.490359819999999900e+02,2.166061162948608398e+00
6.490359819999999900e+02,2.711088180541992188e+00
6.491359519999999748e+02,1.651937723159790039e+00
6.491359519999999748e+02,2.685803413391113281e+00
6.492359589999999798e+02,2.289675474166870117e+00
6.492359589999999798e+02,2.747610807418823242e+00
6.493359809999999470e+02,2.059303283691406250e+00
6.493359809999999470e+02,2.753229618072509766e+00
6.494359479999999394e+02,2.477906703948974609e+00
6.494359479999999394e+02,2.680184602737426758e+00
6.495358929999999873e+02,1.941307783126831055e+00
6.495358929999999873e+02,2.623996257781982422e+00
6.496359459999999899e+02,2.402052402496337891e+00
6.496359459999999899e+02,2.809417963027954102e+00
6.497359279999999444e+02,2.402052402496337891e+00
6.497359279999999444e+02,2.854368686676025391e+00
6.498359819999999445e+02,2.095825672149658203e+00
6.498359819999999445e+02,2.753229618072509766e+00
6.499360179999999900e+02,2.348673343658447266e+00
6.499360179999999900e+02,2.699850559234619141e+00
6.500359889999999723e+02,1.904785394668579102e+00
6.500359889999999723e+02,2.666137695312500000e+00
6.501359889999999950e+02,2.469478368759155273e+00
6.501359889999999950e+02,2.652090549468994141e+00
6.502359339999999293e+02,2.382386445999145508e+00
6.502359339999999293e+02,2.823464870452880859e+00
6.503359759999999596e+02,2.059303283691406250e+00
6.503359759999999596e+02,2.958317041397094727e+00
6.504359709999999950e+02,2.059303283691406250e+00
6.504359709999999950e+02,2.646471738815307617e+00
6.505359069999999519e+02,2.520047903060913086e+00
6.505359069999999519e+02,2.598711490631103516e+00
6.506359889999999950e+02,1.941307783126831055e+00
6.506359889999999950e+02,2.638043403625488281e+00
6.507359809999999243e+02,2.314960241317749023e+00
6.507359809999999243e+02,2.719516515731811523e+00
6.508360329999999294e+02,1.913213610649108887e+00
6.508360329999999294e+02,2.556570291519165039e+00
6.509359630000000152e+02,1.665984869003295898e+00
6.509359630000000152e+02,2.761657714843750000e+00
6.510359899999999698e+02,2.461050033569335938e+00
6.510359899999999698e+02,2.590283393859863281e+00
6.511359820000000127e+02,1.930070042610168457e+00
6.511359820000000127e+02,2.733563661575317383e+00
6.512359709999999495e+02,2.050874948501586914e+00
6.512359709999999495e+02,2.829083919525146484e+00
6.513359759999999596e+02,1.972211360931396484e+00
6.513359759999999596e+02,2.604330301284790039e+00
6.514359459999999444e+02,2.590283393859863281e+00
6.514359459999999444e+02,2.904938220977783203e+00
6.515359809999999925e+02,2.070540904998779297e+00
6.515359809999999925e+02,2.699850559234619141e+00
6.516359499999999798e+02,1.921641826629638672e+00
6.516359499999999798e+02,2.815036773681640625e+00
6.517359769999999344e+02,2.126729249954223633e+00
6.517359769999999344e+02,3.025743007659912109e+00
6.518359570000000076e+02,2.126729249954223633e+00
6.518359570000000076e+02,2.719516515731811523e+00
6.519359739999999874e+02,2.253153085708618164e+00
6.519359739999999874e+02,2.680184602737426758e+00
6.520359639999999217e+02,1.989067912101745605e+00
6.520359639999999217e+02,2.876843929290771484e+00
6.521359689999999318e+02,1.963783144950866699e+00
6.521359689999999318e+02,2.632424592971801758e+00
6.522359689999999546e+02,2.211011886596679688e+00
6.522359689999999546e+02,2.862796783447265625e+00
6.523360129999999799e+02,1.657556533813476562e+00
6.523360129999999799e+02,2.966745376586914062e+00
6.524359719999999925e+02,2.039637327194213867e+00
6.524359719999999925e+02,2.930222988128662109e+00
6.525359489999999596e+02,2.329007387161254883e+00
6.525359489999999596e+02,2.666137695312500000e+00
6.526359770000000253e+02,2.211011886596679688e+00
6.526359770000000253e+02,2.522857189178466797e+00
6.527359529999999950e+02,2.286866188049316406e+00
6.527359529999999950e+02,2.862796783447265625e+00
6.528360069999999951e+02,2.253153085708618164e+00
6.528360069999999951e+02,2.829083919525146484e+00
6.529359309999999823e+02,1.657556533813476562e+00
6.529359309999999823e+02,2.584664583206176758e+00
6.530359439999999722e+02,2.064922094345092773e+00
6.530359439999999722e+02,2.834702730178833008e+00
6.531359039999999823e+02,2.177298784255981445e+00
6.531359039999999823e+02,2.713897705078125000e+00
6.532359379999999192e+02,2.264390945434570312e+00
6.532359379999999192e+02,2.522857189178466797e+00
6.533359530000000177e+02,2.123919963836669922e+00
6.533359530000000177e+02,2.708278894424438477e+00
6.534359929999999395e+02,1.817693352699279785e+00
6.534359929999999395e+02,2.854368686676025391e+00
6.535359819999999900e+02,1.205240249633789062e+00
6.535359819999999900e+02,2.910557031631469727e+00
6.536359330000000227e+02,1.595749378204345703e+00
6.536359330000000227e+02,2.753229618072509766e+00
6.537360059999999748e+02,2.048065662384033203e+00
6.537360059999999748e+02,2.997648954391479492e+00
6.538359339999999520e+02,1.826121687889099121e+00
6.538359339999999520e+02,2.902128696441650391e+00
6.539359909999999445e+02,1.612605929374694824e+00
6.539359909999999445e+02,2.815036773681640625e+00
6.540359579999999369e+02,2.121110439300537109e+00
6.540359579999999369e+02,2.685803413391113281e+00
6.541359619999999495e+02,2.123919963836669922e+00
6.541359619999999495e+02,2.680184602737426758e+00
6.542359589999999798e+02,2.031209230422973633e+00
6.542359589999999798e+02,2.666137695312500000e+00
6.543359530000000177e+02,2.166061162948608398e+00
6.543359530000000177e+02,2.522857189178466797e+00
6.544359519999999293e+02,2.166061162948608398e+00
6.544359519999999293e+02,2.713897705078125000e+00
6.545359730000000127e+02,2.258771896362304688e+00
6.545359730000000127e+02,2.834702730178833008e+00
6.546359999999999673e+02,2.031209230422973633e+00
6.546359999999999673e+02,2.584664583206176758e+00
6.547359799999999268e+02,2.267200231552124023e+00
6.547359799999999268e+02,2.761657714843750000e+00
6.548360000000000127e+02,2.284056663513183594e+00
6.548360000000000127e+02,2.550951480865478516e+00
6.549359680000000026e+02,2.174489498138427734e+00
6.549359680000000026e+02,2.719516515731811523e+00
6.550359339999999975e+02,2.463859558105468750e+00
6.550359339999999975e+02,2.815036773681640625e+00
6.551359459999999899e+02,2.326198101043701172e+00
6.551359459999999899e+02,2.632424592971801758e+00
6.552359639999999672e+02,2.019971370697021484e+00
6.552359639999999672e+02,2.632424592971801758e+00
6.553360209999999597e+02,2.003114938735961914e+00
6.553360209999999597e+02,2.461050033569335938e+00
6.554359579999999141e+02,2.003114938735961914e+00
6.554359579999999141e+02,2.638043403625488281e+00
6.555359619999999268e+02,1.415946602821350098e+00
6.555359619999999268e+02,2.761657714843750000e+00
6.556359749999999167e+02,1.851406455039978027e+00
6.556359749999999167e+02,2.576236248016357422e+00
6.557359539999999924e+02,2.174489498138427734e+00
6.557359539999999924e+02,2.652090549468994141e+00
6.558359600000000000e+02,2.503191232681274414e+00
6.558359600000000000e+02,2.590283393859863281e+00
6.559359220000000050e+02,1.857025265693664551e+00
6.559359220000000050e+02,2.809417963027954102e+00
6.560359549999999444e+02,1.969401955604553223e+00
6.560359549999999444e+02,2.815036773681640625e+00
6.561359579999999596e+02,1.975020766258239746e+00
6.561359579999999596e+02,2.461050033569335938e+00
6.562360380000000077e+02,1.952545404434204102e+00
6.562360380000000077e+02,2.924603939056396484e+00
6.563359319999999570e+02,1.890738248825073242e+00
6.563359319999999570e+02,2.767276525497436523e+00
6.564359749999999849e+02,2.104254007339477539e+00
6.564359749999999849e+02,2.623996257781982422e+00
6.565359359999999924e+02,1.882310032844543457e+00
6.565359359999999924e+02,2.725135326385498047e+00
6.566359459999999899e+02,1.533942222595214844e+00
6.566359459999999899e+02,2.685803413391113281e+00
6.567359539999999924e+02,1.932879567146301270e+00
6.567359539999999924e+02,2.576236248016357422e+00
6.568359439999999267e+02,1.916023015975952148e+00
6.568359439999999267e+02,2.708278894424438477e+00
6.569359690000000001e+02,1.873881697654724121e+00
6.569359690000000001e+02,2.725135326385498047e+00
6.570359300000000076e+02,1.727792024612426758e+00
6.570359300000000076e+02,2.623996257781982422e+00
6.571359949999999799e+02,1.916023015975952148e+00
6.571359949999999799e+02,2.666137695312500000e+00
6.572359569999999849e+02,1.873881697654724121e+00
6.572359569999999849e+02,3.031361818313598633e+00
6.573359929999999167e+02,2.135157585144042969e+00
6.573359929999999167e+02,2.767276525497436523e+00
6.574359699999999975e+02,1.924451231956481934e+00
6.574359699999999975e+02,2.733563661575317383e+00
6.575359359999999924e+02,1.741839051246643066e+00
6.575359359999999924e+02,2.753229618072509766e+00
6.576359929999999849e+02,2.076159715652465820e+00
6.576359929999999849e+02,2.944269895553588867e+00
6.577359839999999167e+02,2.048065662384033203e+00
6.577359839999999167e+02,2.781323671340942383e+00
6.578359839999999394e+02,1.323235869407653809e+00
6.578359839999999394e+02,2.623996257781982422e+00
6.579359809999999698e+02,2.039637327194213867e+00
6.579359809999999698e+02,2.609949111938476562e+00
6.580359969999999521e+02,1.941307783126831055e+00
6.580359969999999521e+02,2.570617437362670898e+00
6.581359619999999495e+02,1.778361558914184570e+00
6.581359619999999495e+02,2.747610807418823242e+00
6.582359639999999672e+02,2.042446851730346680e+00
6.582359639999999672e+02,2.857177972793579102e+00
6.583359439999999267e+02,1.800836920738220215e+00
6.583359439999999267e+02,2.604330301284790039e+00
6.584359579999999141e+02,2.084588050842285156e+00
6.584359579999999141e+02,2.795370817184448242e+00
6.585359609999999293e+02,2.331816911697387695e+00
6.585359609999999293e+02,2.809417963027954102e+00
6.586359679999999344e+02,2.084588050842285156e+00
6.586359679999999344e+02,2.671756505966186523e+00
6.587359589999999798e+02,1.826121687889099121e+00
6.587359589999999798e+02,2.522857189178466797e+00
6.588359580000000051e+02,1.758695602416992188e+00
6.588359580000000051e+02,2.781323671340942383e+00
6.589359799999999723e+02,2.031209230422973633e+00
6.589359799999999723e+02,2.739182472229003906e+00
6.590359659999999167e+02,1.820502758026123047e+00
6.590359659999999167e+02,2.705469369888305664e+00
6.591359679999999344e+02,2.149204730987548828e+00
6.591359679999999344e+02,2.876843929290771484e+00
6.592359319999999343e+02,1.401899576187133789e+00
6.592359319999999343e+02,2.972364187240600586e+00
6.593359869999999319e+02,1.910404205322265625e+00
6.593359869999999319e+02,2.885272264480590820e+00
6.594359559999999192e+02,1.654747128486633301e+00
6.594359559999999192e+02,2.556570291519165039e+00
6.595359619999999268e+02,2.048065662384033203e+00
6.595359619999999268e+02,2.806608438491821289e+00
6.596359249999999292e+02,1.809265136718750000e+00
6.596359249999999292e+02,2.809417963027954102e+00
6.597359579999999823e+02,1.691269516944885254e+00
6.597359579999999823e+02,2.584664583206176758e+00
6.598359889999999268e+02,1.598558783531188965e+00
6.598359889999999268e+02,2.657709360122680664e+00
6.599359949999999344e+02,1.885119438171386719e+00
6.599359949999999344e+02,2.733563661575317383e+00
6.600360230000000001e+02,1.407518386840820312e+00
6.600360230000000001e+02,2.699850559234619141e+00
6.601359599999999546e+02,1.196812033653259277e+00
6.601359599999999546e+02,2.876843929290771484e+00
6.602359669999999596e+02,1.427184343338012695e+00
6.602359669999999596e+02,2.528475999832153320e+00
6.603359560000000101e+02,1.390661835670471191e+00
6.603359560000000101e+02,2.489144325256347656e+00
6.604359749999999849e+02,1.185574412345886230e+00
6.604359749999999849e+02,2.612758636474609375e+00
6.605359539999999470e+02,1.222096800804138184e+00
6.605359539999999470e+02,2.536904335021972656e+00
6.606359420000000000e+02,1.385043025016784668e+00
6.606359420000000000e+02,2.550951480865478516e+00
6.607359880000000203e+02,1.286713361740112305e+00
6.607359880000000203e+02,2.427337169647216797e+00
6.608359359999999469e+02,1.567655205726623535e+00
6.608359359999999469e+02,2.421718120574951172e+00
6.609359849999999597e+02,1.272666335105895996e+00
6.609359849999999597e+02,2.652090549468994141e+00
6.610359549999999444e+02,9.214890599250793457e-01
6.610359549999999444e+02,2.753229618072509766e+00
6.611359649999999419e+02,1.323235869407653809e+00
6.611359649999999419e+02,2.666137695312500000e+00
6.612360039999999799e+02,1.115338921546936035e+00
6.612360039999999799e+02,2.598711490631103516e+00
6.613359379999999419e+02,7.444957494735717773e-01
6.613359379999999419e+02,2.542523145675659180e+00
6.614359459999999444e+02,1.073197603225708008e+00
6.614359459999999444e+02,2.590283393859863281e+00
6.615359359999999924e+02,8.372065424919128418e-01
6.615359359999999924e+02,2.475097179412841797e+00
6.616360019999999622e+02,5.984060168266296387e-01
6.616360019999999622e+02,2.671756505966186523e+00
6.617359910000000127e+02,6.321189999580383301e-01
6.617359910000000127e+02,2.469478368759155273e+00
6.618359799999999495e+02,7.332580685615539551e-01
6.618359799999999495e+02,2.312150955200195312e+00
6.619359620000000177e+02,3.146547973155975342e-01
6.619359620000000177e+02,2.317769765853881836e+00
6.620359509999999545e+02,7.023544609546661377e-02
6.620359509999999545e+02,2.725135326385498047e+00
6.621359529999999722e+02,1.460897326469421387e-01
6.621359529999999722e+02,2.435765266418457031e+00
6.622359349999999267e+02,3.427489697933197021e-01
6.622359349999999267e+02,2.250343799591064453e+00
6.623359570000000076e+02,-2.359911054372787476e-01
6.623359570000000076e+02,2.407671213150024414e+00
6.624359640000000127e+02,2.050875127315521240e-01
6.624359640000000127e+02,2.463859558105468750e+00
6.625359529999999495e+02,-2.191345989704132080e-01
6.625359529999999495e+02,2.373958110809326172e+00
6.626359410000000025e+02,-1.067578792572021484e-01
6.626359410000000025e+02,2.211011886596679688e+00
6.627359719999999470e+02,-1.067578792572021484e-01
6.627359719999999470e+02,2.163251876831054688e+00
6.628359639999999899e+02,-4.157938361167907715e-01
6.628359639999999899e+02,2.365529775619506836e+00
6.629359230000000025e+02,-4.326503574848175049e-01
6.629359230000000025e+02,2.140776395797729492e+00
6.630359489999999596e+02,-4.101750254631042480e-01
6.630359489999999596e+02,2.115491628646850586e+00
6.631359559999999647e+02,-9.608209133148193359e-01
6.631359559999999647e+02,1.910404205322265625e+00
6.632359930000000077e+02,-7.135921716690063477e-01
6.632359930000000077e+02,2.182917594909667969e+00
6.633359659999999849e+02,-5.618835687637329102e-01
6.633359659999999849e+02,1.924451231956481934e+00
6.634360090000000127e+02,-3.371301591396331787e-01
6.634360090000000127e+02,1.871072292327880859e+00
6.635359549999999444e+02,-4.270315170288085938e-01
6.635359549999999444e+02,2.014352560043334961e+00
6.636360069999999496e+02,-9.214890599250793457e-01
6.636360069999999496e+02,1.966592550277709961e+00
6.637359359999999242e+02,-5.000764131546020508e-01
6.637359359999999242e+02,1.910404205322265625e+00
6.638359980000000178e+02,-5.281705856323242188e-01
6.638359980000000178e+02,1.786789774894714355e+00
6.639360029999999142e+02,-7.697805166244506836e-01
6.639360029999999142e+02,1.882310032844543457e+00
6.640359690000000228e+02,-4.045561850070953369e-01
6.640359690000000228e+02,1.789599180221557617e+00
6.641359830000000102e+02,-2.191345989704132080e-01
6.641359830000000102e+02,1.665984869003295898e+00
6.642359379999999192e+02,-6.967356204986572266e-01
6.642359379999999192e+02,1.680031895637512207e+00
6.643359439999999267e+02,1.264238059520721436e-01
6.643359439999999267e+02,1.842978119850158691e+00
6.644359379999999646e+02,-8.034934997558593750e-01
6.644359379999999646e+02,1.713744878768920898e+00
6.645359809999999925e+02,-8.034934997558593750e-01
6.645359809999999925e+02,1.632271766662597656e+00
6.646359179999999469e+02,-7.753993272781372070e-01
6.646359179999999469e+02,1.368186473846435547e+00
6.647359399999999141e+02,-8.596819043159484863e-01
6.647359399999999141e+02,1.272666335105895996e+00
6.648359580000000051e+02,-3.258924782276153564e-01
6.648359580000000051e+02,1.705316662788391113e+00
6.649359279999999899e+02,-3.933185040950775146e-01
6.649359279999999899e+02,1.210859060287475586e+00
6.650359399999999823e+02,-5.618835687637329102e-01
6.650359399999999823e+02,1.379424214363098145e+00
6.651359449999999924e+02,-2.191345989704132080e-01
6.651359449999999924e+02,1.421565413475036621e+00
6.652359589999999798e+02,-7.079733014106750488e-01
6.652359589999999798e+02,1.581702232360839844e+00
6.653359500000000253e+02,-8.034934997558593750e-01
6.653359500000000253e+02,1.286713361740112305e+00
6.654359429999999520e+02,-8.372065424919128418e-01
6.654359429999999520e+02,1.517085671424865723e+00
6.655359240000000227e+02,-4.438880383968353271e-01
6.655359240000000227e+02,1.368186473846435547e+00
6.656359249999999292e+02,-6.068342924118041992e-01
6.656359249999999292e+02,1.469325542449951172e+00
6.657358879999999317e+02,-7.248297929763793945e-01
6.657358879999999317e+02,1.005771636962890625e+00
6.658359779999999546e+02,-6.124531030654907227e-01
6.658359779999999546e+02,1.536751627922058105e+00
6.659359379999999646e+02,-6.293095946311950684e-01
6.659359379999999646e+02,1.177146077156066895e+00
6.660359959999999546e+02,-2.247534394264221191e-01
6.660359959999999546e+02,1.393471240997314453e+00
6.661359309999999141e+02,-7.697805166244506836e-01
6.661359309999999141e+02,1.238953351974487305e+00
6.662359159999999747e+02,-3.258924782276153564e-01
6.662359159999999747e+02,1.163099050521850586e+00
6.663359489999999141e+02,-1.629462391138076782e-01
6.663359489999999141e+02,1.182764887809753418e+00
6.664359859999999571e+02,-1.741839051246643066e-01
6.664359859999999571e+02,1.000152826309204102e+00
6.665359029999999620e+02,-6.124531030654907227e-01
6.665359029999999620e+02,1.076007008552551270e+00
6.666359549999999672e+02,-6.574037671089172363e-01
6.666359549999999672e+02,1.123767137527465820e+00
6.667359450000000152e+02,-4.214126765727996826e-01
6.667359450000000152e+02,9.720585942268371582e-01
6.668360030000000052e+02,-4.214126765727996826e-01
6.668360030000000052e+02,6.995450854301452637e-01
6.669359379999999646e+02,-4.776010513305664062e-01
6.669359379999999646e+02,8.709195256233215332e-01
6.670359929999999622e+02,-7.023544907569885254e-01
6.670359929999999622e+02,9.327267408370971680e-01
6.671359420000000000e+02,-5.000764131546020508e-01
6.671359420000000000e+02,9.804868698120117188e-01
6.672359450000000152e+02,-2.809417843818664551e-01
6.672359450000000152e+02,7.557334303855895996e-01
6.673359199999999873e+02,-5.787400603294372559e-01
6.673359199999999873e+02,9.242984652519226074e-01
6.674359069999999292e+02,-4.719822108745574951e-01
6.674359069999999292e+02,8.372065424919128418e-01
6.675359519999999520e+02,-6.068342924118041992e-01
6.675359519999999520e+02,1.061959981918334961e+00
6.676359360000000152e+02,-5.787400603294372559e-01
6.676359360000000152e+02,7.753993272781372070e-01
6.677359000000000151e+02,-3.876996636390686035e-01
6.677359000000000151e+02,7.276392579078674316e-01
6.678359379999999419e+02,-6.854979395866394043e-01
6.678359379999999419e+02,8.624913096427917480e-01
6.679359549999999217e+02,-1.236143857240676880e-01
6.679359549999999217e+02,9.046325683593750000e-01
6.680359339999999975e+02,-5.450270771980285645e-01
6.680359339999999975e+02,8.709195256233215332e-01
6.681359400000000051e+02,-7.697805166244506836e-01
6.681359400000000051e+02,1.053531765937805176e+00
6.682358939999999166e+02,-7.360674738883972168e-01
6.682358939999999166e+02,9.046325683593750000e-01
6.683359309999999596e+02,-4.888387024402618408e-01
6.683359309999999596e+02,7.894464135169982910e-01
6.684359309999999823e+02,-7.866370081901550293e-01
6.684359309999999823e+02,1.067578792572021484e+00
6.685358870000000024e+02,-2.022780925035476685e-01
6.685358870000000024e+02,7.023544907569885254e-01
6.686359380000000101e+02,-3.371301591396331787e-01
6.686359380000000101e+02,5.169329047203063965e-01
6.687358859999999368e+02,-3.539866507053375244e-01
6.687358859999999368e+02,8.231594562530517578e-01
6.688360279999999420e+02,-7.192109823226928711e-01
6.688360279999999420e+02,8.990137577056884766e-01
6.689359329999999773e+02,-3.596054911613464355e-01
6.689359329999999773e+02,8.231594562530517578e-01
6.690359489999999596e+02,-6.349284648895263672e-01
6.690359489999999596e+02,8.287782669067382812e-01
6.691359229999999343e+02,-2.921794652938842773e-01
6.691359229999999343e+02,7.557334303855895996e-01
6.692359249999999520e+02,-1.573273986577987671e-01
6.692359249999999520e+02,5.253611207008361816e-01
6.693359039999999140e+02,-5.225517153739929199e-01
6.693359039999999140e+02,9.327267408370971680e-01
6.694359339999999747e+02,-8.653007149696350098e-01
6.694359339999999747e+02,6.545943617820739746e-01
6.695359240000000227e+02,-7.866369932889938354e-02
6.695359240000000227e+02,5.984060168266296387e-01
6.696359320000000253e+02,-7.529240250587463379e-01
6.696359320000000253e+02,4.635539650917053223e-01
6.697359719999999470e+02,-7.641616463661193848e-01
6.697359719999999470e+02,5.646929740905761719e-01
6.698359339999999520e+02,-6.517849564552307129e-01
6.698359339999999520e+02,6.798791289329528809e-01
6.699359359999999697e+02,-7.473051548004150391e-01
6.699359359999999697e+02,5.787400603294372559e-01
6.700359129999999368e+02,-3.315113186836242676e-01
6.700359129999999368e+02,8.231594562530517578e-01
6.701359199999999419e+02,-6.461661458015441895e-01
6.701359199999999419e+02,6.321189999580383301e-01
6.702359460000000126e+02,-4.326503574848175049e-01
6.702359460000000126e+02,7.697805166244506836e-01
6.703359179999999924e+02,-6.012154221534729004e-01
6.703359179999999924e+02,6.939262151718139648e-01
6.704359479999999394e+02,-6.068342924118041992e-01
6.704359479999999394e+02,5.450270771980285645e-01
6.705359149999999318e+02,-2.753229439258575439e-01
6.705359149999999318e+02,2.584664523601531982e-01
6.706359669999999369e+02,-9.664397835731506348e-01
6.706359669999999369e+02,5.984060168266296387e-01
6.707359319999999343e+02,-6.012154221534729004e-01
6.707359319999999343e+02,5.703118443489074707e-01
6.708359249999999747e+02,-4.888387024402618408e-01
6.708359249999999747e+02,6.545943617820739746e-01
6.709359279999999899e+02,-8.709195256233215332e-01
6.709359279999999899e+02,7.585428357124328613e-01
6.710359240000000227e+02,-7.023544907569885254e-01
6.710359240000000227e+02,7.079733014106750488e-01
6.711359589999999571e+02,-3.371301591396331787e-01
6.711359589999999571e+02,8.428253531455993652e-01
6.712358990000000176e+02,-6.068342924118041992e-01
6.712358990000000176e+02,4.551256895065307617e-01
6.713358999999999241e+02,-6.012154221534729004e-01
6.713358999999999241e+02,5.646929740905761719e-01
6.714359220000000050e+02,-5.056952238082885742e-01
6.714359220000000050e+02,4.101750254631042480e-01
6.715359389999999848e+02,-5.843589305877685547e-01
6.715359389999999848e+02,3.876996636390686035e-01
6.716359229999999343e+02,-5.394082069396972656e-01
6.716359229999999343e+02,4.691727757453918457e-01
6.717359589999999798e+02,-4.495068788528442383e-01
6.717359589999999798e+02,2.865606248378753662e-01
6.718359749999999622e+02,-3.652243316173553467e-01
6.718359749999999622e+02,3.680337369441986084e-01
6.719359049999999343e+02,-3.539866507053375244e-01
6.719359049999999343e+02,6.939262151718139648e-01
6.720359320000000025e+02,-6.349284648895263672e-01
6.720359320000000025e+02,3.343207240104675293e-01
6.721359429999999975e+02,-3.652243316173553467e-01
6.721359429999999975e+02,5.927872061729431152e-01
6.722359349999999267e+02,-4.495068788528442383e-01
6.722359349999999267e+02,3.343207240104675293e-01
6.723359570000000076e+02,-2.022780925035476685e-01
6.723359570000000076e+02,4.972669780254364014e-01
6.724359059999999317e+02,-5.394082069396972656e-01
6.724359059999999317e+02,4.298409521579742432e-01
6.725359339999999975e+02,1.994686722755432129e-01
6.725359339999999975e+02,2.388005256652832031e-01
6.726359559999999647e+02,1.741839051246643066e-01
6.726359559999999647e+02,4.691727757453918457e-01
6.727359490000000051e+02,2.809417992830276489e-02
6.727359490000000051e+02,5.703118443489074707e-01
6.728359120000000075e+02,5.534553527832031250e-01
6.728359120000000075e+02,3.933185040950775146e-01
6.729359220000000050e+02,1.292332261800765991e-01
6.729359220000000050e+02,5.309799909591674805e-01
6.730359459999999672e+02,1.123767197132110596e-01
6.730359459999999672e+02,7.135921716690063477e-01
6.731359139999999570e+02,3.820808231830596924e-01
6.731359139999999570e+02,3.680337369441986084e-01
6.732359329999999318e+02,2.697041034698486328e-01
6.732359329999999318e+02,2.584664523601531982e-01
6.733359809999999470e+02,3.006077110767364502e-01
6.733359809999999470e+02,5.590741634368896484e-01
6.734359099999999216e+02,6.124531030654907227e-01
6.734359099999999216e+02,4.354597628116607666e-01
6.735359359999999924e+02,3.820808231830596924e-01
6.735359359999999924e+02,5.646929740905761719e-01
6.736359370000000126e+02,1.769933253526687622e-01
6.736359370000000126e+02,7.164015769958496094e-01
6.737359369999999217e+02,4.101750254631042480e-01
6.737359369999999217e+02,4.635539650917053223e-01
6.738359189999999899e+02,7.304486632347106934e-01
6.738359189999999899e+02,5.787400603294372559e-01
6.739359409999999571e+02,2.893700301647186279e-01
6.739359409999999571e+02,6.180719137191772461e-01
6.740359089999999469e+02,3.652243316173553467e-01
6.740359089999999469e+02,4.495068788528442383e-01
6.741359219999999368e+02,9.186796545982360840e-01
6.741359219999999368e+02,6.545943617820739746e-01
6.742359430000000202e+02,5.787400603294372559e-01
6.742359430000000202e+02,6.854979395866394043e-01
6.743359179999999924e+02,5.197423100471496582e-01
6.743359179999999924e+02,6.180719137191772461e-01
6.744358989999999494e+02,5.787400603294372559e-01
6.744358989999999494e+02,7.023544907569885254e-01
6.745358999999999696e+02,1.179955527186393738e-01
6.745358999999999696e+02,5.450270771980285645e-01
6.746359229999999343e+02,3.905090987682342529e-01
6.746359229999999343e+02,3.202736377716064453e-01
6.747358990000000176e+02,0.000000000000000000e+00
6.747358990000000176e+02,6.180719137191772461e-01
6.748359489999999141e+02,5.365988016128540039e-01
6.748359489999999141e+02,6.405472755432128906e-01
6.749359719999999925e+02,3.315113186836242676e-01
6.749359719999999925e+02,8.034934997558593750e-01
6.750359059999999545e+02,5.618835799396038055e-03
6.750359059999999545e+02,6.545943617820739746e-01
6.751359899999999925e+02,-1.292332261800765991e-01
6.751359899999999925e+02,5.843589305877685547e-01
6.752359269999999469e+02,2.359911054372787476e-01
6.752359269999999469e+02,7.023544907569885254e-01
6.753359319999999570e+02,-3.258924782276153564e-01
6.753359319999999570e+02,6.545943617820739746e-01
6.754358959999999570e+02,-2.416099458932876587e-01
6.754358959999999570e+02,8.231594562530517578e-01
6.755359359999999924e+02,-7.978746891021728516e-01
6.755359359999999924e+02,6.208813786506652832e-01
6.756359299999999166e+02,-4.157938361167907715e-01
6.756359299999999166e+02,6.265001893043518066e-01
6.757359539999999924e+02,-8.990137279033660889e-02
6.757359539999999924e+02,7.079733014106750488e-01
6.758359550000000127e+02,-3.652243316173553467e-01
6.758359550000000127e+02,4.832198917865753174e-01
6.759359059999999317e+02,-7.585428357124328613e-01
6.759359059999999317e+02,6.658320426940917969e-01
6.760359989999999470e+02,-6.236907839775085449e-01
6.760359989999999470e+02,6.602132320404052734e-01
6.761359069999999747e+02,-2.303722649812698364e-01
6.761359069999999747e+02,5.984060168266296387e-01
6.762359089999999924e+02,-4.495068788528442383e-01
6.762359089999999924e+02,4.972669780254364014e-01
6.763359379999999419e+02,-7.922558188438415527e-01
6.763359379999999419e+02,4.298409521579742432e-01
6.764359319999999798e+02,-6.630226373672485352e-01
6.764359319999999798e+02,4.691727757453918457e-01
6.765359099999999444e+02,-4.101750254631042480e-01
6.765359099999999444e+02,6.124531030654907227e-01
6.766359209999999393e+02,-2.584664523601531982e-01
6.766359209999999393e+02,8.849666118621826172e-01
6.767359519999999975e+02,-2.584664523601531982e-01
6.767359519999999975e+02,7.388768792152404785e-01
6.768359080000000176e+02,-3.315113186836242676e-01
6.768359080000000176e+02,5.253611207008361816e-01
6.769359789999999748e+02,-7.416863441467285156e-01
6.769359789999999748e+02,4.635539650917053223e-01
6.770359339999999975e+02,1.011390462517738342e-01
6.770359339999999975e+02,5.253611207008361816e-01
6.771359299999999166e+02,-6.742603182792663574e-01
6.771359299999999166e+02,4.495068788528442383e-01
6.772359089999999924e+02,-4.495068639516830444e-02
6.772359089999999924e+02,5.646929740905761719e-01
6.773359520000000202e+02,-5.394082069396972656e-01
6.773359520000000202e+02,4.101750254631042480e-01
6.774359819999999672e+02,-3.652243316173553467e-01
6.774359819999999672e+02,4.832198917865753174e-01
6.775359330000000000e+02,-4.944575428962707520e-01
6.775359330000000000e+02,6.068342924118041992e-01
6.776359159999999520e+02,-5.337893962860107422e-01
6.776359159999999520e+02,3.736525774002075195e-01
6.777359050000000025e+02,-1.219287395477294922e+00
6.777359050000000025e+02,5.365988016128540039e-01
6.778359590000000026e+02,-5.562647581100463867e-01
6.778359590000000026e+02,4.635539650917053223e-01
6.779359819999999672e+02,-2.472287714481353760e-01
6.779359819999999672e+02,5.646929740905761719e-01
6.780359579999999369e+02,-4.776010513305664062e-01
6.780359579999999369e+02,6.405472755432128906e-01
6.781359149999999545e+02,-5.731212496757507324e-01
6.781359149999999545e+02,5.787400603294372559e-01
6.782359199999999646e+02,-1.073197603225708008e+00
6.782359199999999646e+02,6.180719137191772461e-01
6.783359329999999545e+02,-5.562647581100463867e-01
6.783359329999999545e+02,3.933185040950775146e-01
6.784359249999999975e+02,-2.416099458932876587e-01
6.784359249999999975e+02,6.939262151718139648e-01
6.785359489999999596e+02,-2.921794652938842773e-01
6.785359489999999596e+02,7.416863441467285156e-01
6.786359790000000203e+02,-2.640852928161621094e-01
6.786359790000000203e+02,5.562647581100463867e-01
6.787359470000000101e+02,-6.742603182792663574e-01
6.787359470000000101e+02,6.545943617820739746e-01
6.788359409999999343e+02,-5.899777412414550781e-01
6.788359409999999343e+02,4.832198917865753174e-01
6.789359519999999293e+02,6.461661309003829956e-02
6.789359519999999293e+02,6.405472755432128906e-01
6.790359389999999848e+02,-2.303722649812698364e-01
6.790359389999999848e+02,8.231594562530517578e-01
6.791359179999999469e+02,-5.731212496757507324e-01
6.791359179999999469e+02,4.354597628116607666e-01
6.792359490000000051e+02,-3.596054911613464355e-01
6.792359490000000051e+02,5.365988016128540039e-01
6.793359339999999520e+02,-3.202736377716064453e-01
6.793359339999999520e+02,6.040248274803161621e-01
6.794358959999999570e+02,4.776010289788246155e-02
6.794358959999999570e+02,4.298409521579742432e-01
6.795359399999999823e+02,-5.169329047203063965e-01
6.795359399999999823e+02,7.079733014106750488e-01
6.796359469999999874e+02,-2.247534394264221191e-01
6.796359469999999874e+02,6.658320426940917969e-01
6.797358859999999368e+02,-7.810181975364685059e-01
6.797358859999999368e+02,5.646929740905761719e-01
6.798359140000000025e+02,-2.528476119041442871e-01
6.798359140000000025e+02,5.843589305877685547e-01
6.799359319999999798e+02,-7.697805166244506836e-01
6.799359319999999798e+02,3.062265515327453613e-01
6.800358989999999721e+02,-2.022780925035476685e-01
6.800358989999999721e+02,5.927872061729431152e-01
6.801359089999999696e+02,-5.675024390220642090e-01
6.801359089999999696e+02,3.483678102493286133e-01
6.802359349999999267e+02,-7.360674738883972168e-01
6.802359349999999267e+02,2.444193512201309204e-01
6.803359339999999520e+02,-3.315113186836242676e-01
6.803359339999999520e+02,3.933185040950775146e-01
6.804359489999999369e+02,-4.888387024402618408e-01
6.804359489999999369e+02,5.646929740905761719e-01
6.805359690000000228e+02,-1.741839051246643066e-01
6.805359690000000228e+02,4.691727757453918457e-01
6.806359129999999595e+02,-2.528476119041442871e-01
6.806359129999999595e+02,2.107063382863998413e-01
6.807359309999999368e+02,-4.663633704185485840e-01
6.807359309999999368e+02,6.658320426940917969e-01
6.808359249999999747e+02,-4.832198917865753174e-01
6.808359249999999747e+02,7.950652837753295898e-01
6.809359299999999848e+02,-4.157938361167907715e-01
6.809359299999999848e+02,7.557334303855895996e-01
6.810359039999999595e+02,-3.034171462059020996e-01
6.810359039999999595e+02,3.933185040950775146e-01
6.811359360000000152e+02,-7.304486632347106934e-01
6.811359360000000152e+02,5.225517153739929199e-01
6.812359389999999166e+02,-2.697041034698486328e-01
6.812359389999999166e+02,4.972669780254364014e-01
6.813359359999999469e+02,-2.865606248378753662e-01
6.813359359999999469e+02,7.557334303855895996e-01
6.814359419999999545e+02,-2.528476119041442871e-01
6.814359419999999545e+02,6.321189999580383301e-01
6.815358790000000226e+02,-6.180719286203384399e-02
6.815358790000000226e+02,4.495068788528442383e-01
6.816359340000000202e+02,-1.741839051246643066e-01
6.816359340000000202e+02,5.028858184814453125e-01
6.817359239999999545e+02,-5.000764131546020508e-01
6.817359239999999545e+02,5.113140344619750977e-01
6.818359449999999242e+02,-7.023544907569885254e-01
6.818359449999999242e+02,2.921794652938842773e-01
6.819359170000000177e+02,-8.203500509262084961e-01
6.819359170000000177e+02,6.995450854301452637e-01
6.820358719999999266e+02,-5.169329047203063965e-01
6.820358719999999266e+02,5.646929740905761719e-01
6.821359669999999369e+02,-2.303722649812698364e-01
6.821359669999999369e+02,8.091123700141906738e-01
6.822358899999999267e+02,2.022780925035476685e-01
6.822358899999999267e+02,4.551256895065307617e-01
6.823359739999999647e+02,-4.045561850070953369e-01
6.823359739999999647e+02,4.101750254631042480e-01
6.824359319999999798e+02,-2.697041034698486328e-01
6.824359319999999798e+02,1.713744848966598511e-01
6.825359270000000151e+02,-2.697041034698486328e-01
6.825359270000000151e+02,2.500382065773010254e-01
6.826359350000000177e+02,-4.663633704185485840e-01
6.826359350000000177e+02,4.551256895065307617e-01
6.827359109999999873e+02,-7.360674738883972168e-01
6.827359109999999873e+02,6.180719137191772461e-01
6.828359719999999697e+02,-5.618835799396038055e-03
6.828359719999999697e+02,3.455584049224853516e-01
6.829359379999999646e+02,-7.192109823226928711e-01
6.829359379999999646e+02,6.180719137191772461e-01
6.830359169999999267e+02,-2.359911054372787476e-01
6.830359169999999267e+02,3.202736377716064453e-01
6.831359479999999849e+02,-5.394082069396972656e-01
6.831359479999999849e+02,6.068342924118041992e-01
6.832359510000000000e+02,-1.910404115915298462e-01
6.832359510000000000e+02,7.220203876495361328e-01
6.833359110000000101e+02,-6.967356204986572266e-01
6.833359110000000101e+02,5.843589305877685547e-01
